{
  "meta": {
    "MODE_P": "TA",
    "P_label": "P = T_A (Standard)",
    "hours_per_day": 8.0,
    "states": [
      1,
      2,
      3,
      4,
      5
    ],
    "transient": [
      1,
      2,
      3,
      4
    ],
    "absorbing": 5,
    "inv_used": "inv"
  },
  "P": [
    [
      0.5,
      0.25,
      0.0,
      0.0,
      0.25
    ],
    [
      0.07575757575757576,
      0.5454545454545454,
      0.07575757575757576,
      0.045454545454545456,
      0.25757575757575757
    ],
    [
      0.0,
      0.030120481927710843,
      0.43373493975903615,
      0.10843373493975904,
      0.42771084337349397
    ],
    [
      0.004347826086956522,
      0.0,
      0.34782608695652173,
      0.2391304347826087,
      0.40869565217391307
    ],
    [
      0.0,
      0.0,
      0.0,
      0.0,
      1.0
    ]
  ],
  "Q": [
    [
      0.5,
      0.25,
      0.0,
      0.0
    ],
    [
      0.07575757575757576,
      0.5454545454545454,
      0.07575757575757576,
      0.045454545454545456
    ],
    [
      0.0,
      0.030120481927710843,
      0.43373493975903615,
      0.10843373493975904
    ],
    [
      0.004347826086956522,
      0.0,
      0.34782608695652173,
      0.2391304347826087
    ]
  ],
  "R": [
    [
      0.25
    ],
    [
      0.25757575757575757
    ],
    [
      0.42771084337349397
    ],
    [
      0.40869565217391307
    ]
  ],
  "I": [
    [
      1.0,
      0.0,
      0.0,
      0.0
    ],
    [
      0.0,
      1.0,
      0.0,
      0.0
    ],
    [
      0.0,
      0.0,
      1.0,
      0.0
    ],
    [
      0.0,
      0.0,
      0.0,
      1.0
    ]
  ],
  "N": [
    [
      2.185305665161395,
      1.216985165129455,
      0.22737547111401574,
      0.10510694963809598
    ],
    [
      0.37061133032278987,
      2.43397033025891,
      0.4547509422280315,
      0.21021389927619197
    ],
    [
      0.024225210926405477,
      0.1433464205162476,
      1.9621585498287528,
      0.28819647481413413
    ],
    [
      0.02356184308156476,
      0.07248399317959578,
      0.8982860540423669,
      1.446633285341536
    ]
  ],
  "C_counts": [
    [
      2.185305665161395,
      1.216985165129455,
      0.22737547111401574,
      0.10510694963809598
    ],
    [
      0.37061133032278987,
      2.43397033025891,
      0.4547509422280315,
      0.21021389927619197
    ],
    [
      0.024225210926405477,
      0.1433464205162476,
      1.9621585498287528,
      0.28819647481413413
    ],
    [
      0.02356184308156476,
      0.07248399317959578,
      0.8982860540423669,
      1.446633285341536
    ]
  ],
  "H_horizon_days": [
    [
      3.7347732510429617
    ],
    [
      3.4695465020859233
    ],
    [
      2.41792665608554
    ],
    [
      2.440965175645063
    ]
  ],
  "B": [
    [
      1.0
    ],
    [
      1.0
    ],
    [
      1.0
    ],
    [
      1.0
    ]
  ],
  "t_days": [
    [
      3.7347732510429617
    ],
    [
      3.4695465020859233
    ],
    [
      2.41792665608554
    ],
    [
      2.440965175645063
    ]
  ],
  "t_hours": [
    [
      29.878186008343693
    ],
    [
      27.756372016687386
    ],
    [
      19.34341324868432
    ],
    [
      19.527721405160506
    ]
  ],
  "A_return": [
    [
      1.0,
      0.5,
      0.11588027437123259,
      0.07265625
    ],
    [
      0.1695924447692394,
      1.0,
      0.23176054874246518,
      0.1453125
    ],
    [
      0.01108550227668784,
      0.058894070619586944,
      1.0,
      0.19921875
    ],
    [
      0.010781943897914441,
      0.029780146568954027,
      0.4578050301392641,
      1.0
    ]
  ],
  "visit_total_by_start": [
    [
      3.7347732510429617
    ],
    [
      3.4695465020859233
    ],
    [
      2.41792665608554
    ],
    [
      2.440965175645063
    ]
  ],
  "visit_avg_by_state": [
    [
      0.6509260123730388
    ],
    [
      0.9666964772710521
    ],
    [
      0.8856427543032916
    ],
    [
      0.5125376522674896
    ]
  ],
  "backward_return_summary": [
    {
      "FromAroundLevel": 1,
      "MaxReturnToLower": 0.0
    },
    {
      "FromAroundLevel": 2,
      "MaxReturnToLower": 0.5
    },
    {
      "FromAroundLevel": 3,
      "MaxReturnToLower": 0.2318
    },
    {
      "FromAroundLevel": 4,
      "MaxReturnToLower": 0.1992
    }
  ]
}